transaction_id,src_account,src_account_country,dst_account,dst_account_country,amount,currency,value_date,is_suspicious,suspicious_type
TXN000001,10000025,韩国,10000058,德国,17515.44,CNY,2023-04-27 00:00:00,False,
TXN000002,10000028,韩国,10000003,德国,33018.66,CNY,2023-07-24 00:00:00,False,
TXN000003,10000042,法国,10000035,日本,43224.43,CNY,2023-05-23 00:00:00,False,
TXN000004,10000044,美国,10000065,新加坡,20013.94,CNY,2023-10-02 00:00:00,False,
TXN000005,10000042,法国,10000003,德国,5811.32,CNY,2023-05-14 00:00:00,False,
TXN000006,10000022,德国,10000033,法国,1960.95,CNY,2023-11-02 00:00:00,False,
TXN000007,10000055,法国,10000044,美国,36440.83,CNY,2023-06-10 00:00:00,False,
TXN000008,10000055,法国,10000065,新加坡,5826.51,CNY,2023-10-23 00:00:00,False,
TXN000009,10000024,日本,10000032,韩国,2267.11,CNY,2023-08-12 00:00:00,False,
TXN000010,10000000,法国,10000066,中国,46282.48,CNY,2023-10-03 00:00:00,False,
TXN000011,10000025,韩国,10000046,英国,21593.31,CNY,2023-12-07 00:00:00,False,
TXN000012,10000042,法国,10000040,中国,33186.2,CNY,2023-03-05 00:00:00,False,
TXN000013,10000038,法国,10000064,法国,15498.77,CNY,2023-07-29 00:00:00,False,
TXN000014,10000041,中国,10000051,日本,34875.56,CNY,2023-10-11 00:00:00,False,
TXN000015,10000016,韩国,10000024,日本,21051.29,CNY,2023-07-14 00:00:00,False,
TXN000016,10000022,德国,10000038,法国,20333.45,CNY,2023-01-01 00:00:00,False,
TXN000017,10000038,法国,10000036,英国,10548.63,CNY,2023-10-24 00:00:00,False,
TXN000018,10000041,中国,10000059,日本,22117.21,CNY,2023-12-12 00:00:00,False,
TXN000019,10000027,法国,10000065,新加坡,23685.65,CNY,2023-03-28 00:00:00,False,
TXN000020,10000010,日本,10000036,英国,25796.83,CNY,2023-11-21 00:00:00,False,
TXN000021,10000042,法国,10000011,中国,40930.25,CNY,2023-05-01 00:00:00,False,
TXN000022,10000039,德国,10000028,韩国,40337.82,CNY,2023-03-17 00:00:00,False,
TXN000023,10000003,德国,10000005,德国,12279.89,CNY,2023-09-01 00:00:00,False,
TXN000024,10000009,美国,10000058,德国,20751.33,CNY,2023-11-19 00:00:00,False,
TXN000025,10000024,日本,10000049,新加坡,24744.14,CNY,2023-05-05 00:00:00,False,
TXN000026,10000018,法国,10000000,法国,44638.36,CNY,2023-02-24 00:00:00,False,
TXN000027,10000054,日本,10000028,韩国,8835.54,CNY,2023-12-23 00:00:00,False,
TXN000028,10000066,中国,10000059,日本,2558.41,CNY,2023-05-08 00:00:00,False,
TXN000029,10000015,美国,10000058,德国,6710.29,CNY,2023-08-26 00:00:00,False,
TXN000030,10000067,美国,10000040,中国,47504.48,CNY,2023-08-15 00:00:00,False,
TXN000031,10000064,法国,10000054,日本,41536.93,CNY,2023-10-08 00:00:00,False,
TXN000032,10000057,德国,10000020,英国,37195.59,CNY,2023-09-01 00:00:00,False,
TXN000033,10000057,德国,10000033,法国,37601.25,CNY,2023-11-23 00:00:00,False,
TXN000034,10000035,日本,10000066,中国,24255.62,CNY,2023-05-03 00:00:00,False,
TXN000035,10000035,日本,10000056,英国,3920.29,CNY,2023-05-27 00:00:00,False,
TXN000036,10000030,美国,10000034,美国,16825.58,CNY,2023-10-04 00:00:00,False,
TXN000037,10000010,日本,10000017,英国,7583.99,CNY,2023-07-16 00:00:00,False,
TXN000038,10000019,英国,10000027,法国,3258.23,CNY,2023-07-28 00:00:00,False,
TXN000039,10000042,法国,10000069,德国,23322.92,CNY,2023-02-01 00:00:00,False,
TXN000040,10000026,英国,10000053,德国,19504.37,CNY,2023-10-27 00:00:00,False,
TXN000041,10000002,韩国,10000048,法国,23875.14,CNY,2023-06-30 00:00:00,False,
TXN000042,10000038,法国,10000049,新加坡,42679.73,CNY,2023-08-03 00:00:00,False,
TXN000043,10000068,英国,10000069,德国,40003.42,CNY,2023-04-23 00:00:00,False,
TXN000044,10000062,美国,10000028,韩国,13683.12,CNY,2023-09-06 00:00:00,False,
TXN000045,10000003,德国,10000049,新加坡,16839.67,CNY,2023-12-14 00:00:00,False,
TXN000046,10000051,日本,10000021,德国,42033.26,CNY,2023-03-07 00:00:00,False,
TXN000047,10000068,英国,10000003,德国,45351.1,CNY,2023-10-31 00:00:00,False,
TXN000048,10000003,德国,10000010,日本,32155.34,CNY,2023-03-11 00:00:00,False,
TXN000049,10000059,日本,10000023,韩国,2561.72,CNY,2023-07-14 00:00:00,False,
TXN000050,10000041,中国,10000027,法国,22762.23,CNY,2023-06-22 00:00:00,False,
TXN000051,10000048,法国,10000035,日本,37612.89,CNY,2023-08-04 00:00:00,False,
TXN000052,10000032,韩国,10000010,日本,23541.83,CNY,2023-10-04 00:00:00,False,
TXN000053,10000006,中国,10000044,美国,11249.9,CNY,2023-02-05 00:00:00,False,
TXN000054,10000005,德国,10000003,德国,47483.11,CNY,2023-04-13 00:00:00,False,
TXN000055,10000002,韩国,10000019,英国,11965.32,CNY,2023-08-31 00:00:00,False,
TXN000056,10000014,中国,10000027,法国,23278.45,CNY,2023-05-12 00:00:00,False,
TXN000057,10000047,德国,10000021,德国,30314.34,CNY,2023-02-28 00:00:00,False,
TXN000058,10000020,英国,10000039,德国,5449.53,CNY,2023-01-14 00:00:00,False,
TXN000059,10000039,德国,10000048,法国,19862.89,CNY,2023-04-12 00:00:00,False,
TXN000060,10000009,美国,10000031,韩国,5139.97,CNY,2023-06-04 00:00:00,False,
TXN000061,10000015,美国,10000005,德国,17392.83,CNY,2023-08-08 00:00:00,False,
TXN000062,10000047,德国,10000008,德国,25322.74,CNY,2023-06-24 00:00:00,False,
TXN000063,10000001,美国,10000053,德国,41125.43,CNY,2023-02-24 00:00:00,False,
TXN000064,10000055,法国,10000046,英国,31797.48,CNY,2023-08-24 00:00:00,False,
TXN000065,10000019,英国,10000055,法国,8848.04,CNY,2023-09-25 00:00:00,False,
TXN000066,10000034,美国,10000068,英国,38743.34,CNY,2023-08-27 00:00:00,False,
TXN000067,10000055,法国,10000034,美国,16149.11,CNY,2023-05-06 00:00:00,False,
TXN000068,10000011,中国,10000035,日本,44087.48,CNY,2023-05-05 00:00:00,False,
TXN000069,10000059,日本,10000048,法国,16853.01,CNY,2023-09-11 00:00:00,False,
TXN000070,10000041,中国,10000023,韩国,24403.12,CNY,2023-07-01 00:00:00,False,
TXN000071,10000033,法国,10000043,美国,14018.94,CNY,2023-11-02 00:00:00,False,
TXN000072,10000035,日本,10000001,美国,25855.53,CNY,2023-04-08 00:00:00,False,
TXN000073,10000010,日本,10000030,美国,36017.73,CNY,2023-09-08 00:00:00,False,
TXN000074,10000030,美国,10000060,中国,32312.85,CNY,2023-09-09 00:00:00,False,
TXN000075,10000057,德国,10000002,韩国,4698.01,CNY,2023-04-24 00:00:00,False,
TXN000076,10000051,日本,10000031,韩国,15344.99,CNY,2023-10-25 00:00:00,False,
TXN000077,10000047,德国,10000060,中国,27695.97,CNY,2023-06-26 00:00:00,False,
TXN000078,10000054,日本,10000042,法国,17622.94,CNY,2023-08-21 00:00:00,False,
TXN000079,10000034,美国,10000039,德国,12607.61,CNY,2023-03-03 00:00:00,False,
TXN000080,10000024,日本,10000040,中国,6021.76,CNY,2023-10-02 00:00:00,False,
TXN000081,10000023,韩国,10000024,日本,10858.41,CNY,2023-09-05 00:00:00,False,
TXN000082,10000035,日本,10000067,美国,29859.7,CNY,2023-02-21 00:00:00,False,
TXN000083,10000024,日本,10000037,英国,11412.78,CNY,2023-04-02 00:00:00,False,
TXN000084,10000038,法国,10000001,美国,35415.52,CNY,2023-03-06 00:00:00,False,
TXN000085,10000035,日本,10000005,德国,48716.03,CNY,2023-10-11 00:00:00,False,
TXN000086,10000037,英国,10000016,韩国,31911.59,CNY,2023-09-09 00:00:00,False,
TXN000087,10000013,日本,10000001,美国,28724.51,CNY,2023-08-29 00:00:00,False,
TXN000088,10000061,中国,10000056,英国,17068.26,CNY,2023-01-27 00:00:00,False,
TXN000089,10000032,韩国,10000061,中国,5748.65,CNY,2023-02-03 00:00:00,False,
TXN000090,10000051,日本,10000062,美国,3750.4,CNY,2023-11-19 00:00:00,False,
TXN000091,10000006,中国,10000019,英国,7502.42,CNY,2023-10-16 00:00:00,False,
TXN000092,10000038,法国,10000010,日本,49696.21,CNY,2023-03-02 00:00:00,False,
TXN000093,10000053,德国,10000028,韩国,38795.89,CNY,2023-07-14 00:00:00,False,
TXN000094,10000057,德国,10000056,英国,14902.79,CNY,2023-10-29 00:00:00,False,
TXN000095,10000054,日本,10000039,德国,28453.04,CNY,2023-01-31 00:00:00,False,
TXN000096,10000012,韩国,10000026,英国,31294.48,CNY,2023-05-16 00:00:00,False,
TXN000097,10000010,日本,10000020,英国,12031.27,CNY,2023-10-10 00:00:00,False,
TXN000098,10000009,美国,10000020,英国,183.65,CNY,2023-08-19 00:00:00,False,
TXN000099,10000060,中国,10000037,英国,1680.36,CNY,2023-05-28 00:00:00,False,
TXN000100,10000036,英国,10000058,德国,3605.43,CNY,2023-04-30 00:00:00,False,
TXN000101,10000033,法国,10000025,韩国,21285.69,CNY,2023-10-06 00:00:00,False,
TXN000102,10000028,韩国,10000019,英国,45425.15,CNY,2023-03-14 00:00:00,False,
TXN000103,10000009,美国,10000007,韩国,8337.84,CNY,2023-06-07 00:00:00,False,
TXN000104,10000036,英国,10000056,英国,6261.47,CNY,2023-12-19 00:00:00,False,
TXN000105,10000038,法国,10000051,日本,47136.68,CNY,2023-09-14 00:00:00,False,
TXN000106,10000069,德国,10000063,新加坡,21916.06,CNY,2023-11-03 00:00:00,False,
TXN000107,10000005,德国,10000055,法国,36739.97,CNY,2023-11-06 00:00:00,False,
TXN000108,10000032,韩国,10000003,德国,4611.78,CNY,2023-12-12 00:00:00,False,
TXN000109,10000002,韩国,10000034,美国,28833.54,CNY,2023-03-31 00:00:00,False,
TXN000110,10000060,中国,10000066,中国,32592.9,CNY,2023-05-23 00:00:00,False,
TXN000111,10000023,韩国,10000055,法国,31757.5,CNY,2023-09-09 00:00:00,False,
TXN000112,10000011,中国,10000060,中国,17430.65,CNY,2023-06-20 00:00:00,False,
TXN000113,10000041,中国,10000013,日本,42893.77,CNY,2023-06-18 00:00:00,False,
TXN000114,10000052,德国,10000063,新加坡,14446.48,CNY,2023-07-25 00:00:00,False,
TXN000115,10000004,德国,10000058,德国,4448.59,CNY,2023-05-10 00:00:00,False,
TXN000116,10000041,中国,10000014,中国,48510.73,CNY,2023-07-26 00:00:00,False,
TXN000117,10000065,新加坡,10000000,法国,32900.14,CNY,2023-10-05 00:00:00,False,
TXN000118,10000059,日本,10000052,德国,2757.49,CNY,2023-09-23 00:00:00,False,
TXN000119,10000046,英国,10000063,新加坡,31289.17,CNY,2023-01-27 00:00:00,False,
TXN000120,10000026,英国,10000034,美国,27483.52,CNY,2023-05-28 00:00:00,False,
TXN000121,10000056,英国,10000062,美国,6115.23,CNY,2023-11-19 00:00:00,False,
TXN000122,10000030,美国,10000020,英国,15571.97,CNY,2023-01-08 00:00:00,False,
TXN000123,10000052,德国,10000011,中国,11273.8,CNY,2023-02-28 00:00:00,False,
TXN000124,10000059,日本,10000015,美国,32403.1,CNY,2023-03-20 00:00:00,False,
TXN000125,10000063,新加坡,10000037,英国,25468.16,CNY,2023-05-20 00:00:00,False,
TXN000126,10000053,德国,10000061,中国,49013.22,CNY,2023-05-05 00:00:00,False,
TXN000127,10000058,德国,10000018,法国,19210.12,CNY,2023-11-03 00:00:00,False,
TXN000128,10000065,新加坡,10000017,英国,43208.15,CNY,2023-05-22 00:00:00,False,
TXN000129,10000053,德国,10000043,美国,46715.71,CNY,2023-09-17 00:00:00,False,
TXN000130,10000034,美国,10000000,法国,14177.81,CNY,2023-06-02 00:00:00,False,
TXN000131,10000062,美国,10000019,英国,22355.04,CNY,2023-09-05 00:00:00,False,
TXN000132,10000044,美国,10000042,法国,27618.27,CNY,2023-10-06 00:00:00,False,
TXN000133,10000048,法国,10000058,德国,46645.97,CNY,2023-04-07 00:00:00,False,
TXN000134,10000030,美国,10000049,新加坡,11716.44,CNY,2023-07-30 00:00:00,False,
TXN000135,10000005,德国,10000040,中国,37248.02,CNY,2023-12-28 00:00:00,False,
TXN000136,10000048,法国,10000049,新加坡,49421.28,CNY,2023-11-30 00:00:00,False,
TXN000137,10000019,英国,10000063,新加坡,48242.98,CNY,2023-03-06 00:00:00,False,
TXN000138,10000064,法国,10000042,法国,43491.53,CNY,2023-08-14 00:00:00,False,
TXN000139,10000012,韩国,10000067,美国,45526.56,CNY,2023-01-08 00:00:00,False,
TXN000140,10000018,法国,10000052,德国,43553.1,CNY,2023-03-21 00:00:00,False,
TXN000141,10000009,美国,10000060,中国,39087.19,CNY,2023-05-16 00:00:00,False,
TXN000142,10000043,美国,10000050,美国,32509.34,CNY,2023-06-18 00:00:00,False,
TXN000143,10000068,英国,10000048,法国,47709.27,CNY,2023-11-17 00:00:00,False,
TXN000144,10000062,美国,10000069,德国,1843.16,CNY,2023-02-05 00:00:00,False,
TXN000145,10000030,美国,10000036,英国,49871.42,CNY,2023-02-16 00:00:00,False,
TXN000146,10000055,法国,10000012,韩国,38030.47,CNY,2023-12-27 00:00:00,False,
TXN000147,10000012,韩国,10000056,英国,8359.92,CNY,2023-06-03 00:00:00,False,
TXN000148,10000003,德国,10000005,德国,16252.51,CNY,2023-01-29 00:00:00,False,
TXN000149,10000037,英国,10000045,英国,18773.31,CNY,2023-03-16 00:00:00,False,
TXN000150,10000031,韩国,10000067,美国,20631.98,CNY,2023-12-16 00:00:00,False,
TXN000151,10000023,韩国,10000021,德国,8794.71,CNY,2023-11-09 00:00:00,False,
TXN000152,10000048,法国,10000030,美国,24908.48,CNY,2023-10-26 00:00:00,False,
TXN000153,10000018,法国,10000029,新加坡,23084.44,CNY,2023-05-11 00:00:00,False,
TXN000154,10000058,德国,10000032,韩国,33358.69,CNY,2023-08-27 00:00:00,False,
TXN000155,10000036,英国,10000069,德国,7940.88,CNY,2023-08-15 00:00:00,False,
TXN000156,10000044,美国,10000038,法国,31964.99,CNY,2023-08-06 00:00:00,False,
TXN000157,10000032,韩国,10000058,德国,42272.93,CNY,2023-04-12 00:00:00,False,
TXN000158,10000049,新加坡,10000061,中国,5377.33,CNY,2023-07-15 00:00:00,False,
TXN000159,10000045,英国,10000037,英国,49634.97,CNY,2023-06-01 00:00:00,False,
TXN000160,10000002,韩国,10000050,美国,13760.29,CNY,2023-10-17 00:00:00,False,
TXN000161,10000006,中国,10000063,新加坡,41650.3,CNY,2023-05-27 00:00:00,False,
TXN000162,10000029,新加坡,10000045,英国,10989.28,CNY,2023-04-08 00:00:00,False,
TXN000163,10000032,韩国,10000017,英国,31430.99,CNY,2023-11-18 00:00:00,False,
TXN000164,10000005,德国,10000039,德国,39441.09,CNY,2023-01-18 00:00:00,False,
TXN000165,10000046,英国,10000016,韩国,4552.16,CNY,2023-06-01 00:00:00,False,
TXN000166,10000041,中国,10000053,德国,8823.22,CNY,2023-03-09 00:00:00,False,
TXN000167,10000069,德国,10000046,英国,26566.08,CNY,2023-05-20 00:00:00,False,
TXN000168,10000021,德国,10000032,韩国,45706.75,CNY,2023-09-04 00:00:00,False,
TXN000169,10000037,英国,10000043,美国,40221.42,CNY,2023-08-28 00:00:00,False,
TXN000170,10000009,美国,10000018,法国,37719.87,CNY,2023-04-26 00:00:00,False,
TXN000171,10000050,美国,10000046,英国,4560.63,CNY,2023-07-22 00:00:00,False,
TXN000172,10000001,美国,10000033,法国,26851.79,CNY,2023-08-21 00:00:00,False,
TXN000173,10000047,德国,10000033,法国,29248.78,CNY,2023-11-23 00:00:00,False,
TXN000174,10000047,德国,10000013,日本,33758.09,CNY,2023-08-30 00:00:00,False,
TXN000175,10000003,德国,10000041,中国,45767.03,CNY,2023-04-24 00:00:00,False,
TXN000176,10000008,德国,10000059,日本,45473.91,CNY,2023-06-04 00:00:00,False,
TXN000177,10000052,德国,10000014,中国,7031.86,CNY,2023-01-20 00:00:00,False,
TXN000178,10000038,法国,10000063,新加坡,5850.22,CNY,2023-05-01 00:00:00,False,
TXN000179,10000068,英国,10000017,英国,19462.86,CNY,2023-07-09 00:00:00,False,
TXN000180,10000069,德国,10000053,德国,29387.65,CNY,2023-03-21 00:00:00,False,
TXN000181,10000053,德国,10000012,韩国,41692.97,CNY,2023-11-12 00:00:00,False,
TXN000182,10000052,德国,10000035,日本,1684.18,CNY,2023-07-09 00:00:00,False,
TXN000183,10000027,法国,10000056,英国,22262.56,CNY,2023-05-01 00:00:00,False,
TXN000184,10000046,英国,10000012,韩国,49047.34,CNY,2023-07-08 00:00:00,False,
TXN000185,10000069,德国,10000045,英国,3074.48,CNY,2023-05-22 00:00:00,False,
TXN000186,10000024,日本,10000015,美国,47453.09,CNY,2023-08-21 00:00:00,False,
TXN000187,10000011,中国,10000027,法国,32103.14,CNY,2023-11-02 00:00:00,False,
TXN000188,10000002,韩国,10000006,中国,39350.39,CNY,2023-05-05 00:00:00,False,
TXN000189,10000016,韩国,10000026,英国,3477.08,CNY,2023-10-11 00:00:00,False,
TXN000190,10000026,英国,10000027,法国,40662.0,CNY,2023-04-30 00:00:00,False,
TXN000191,10000042,法国,10000018,法国,39442.76,CNY,2023-11-02 00:00:00,False,
TXN000192,10000000,法国,10000035,日本,42927.39,CNY,2023-03-16 00:00:00,False,
TXN000193,10000016,韩国,10000069,德国,12570.18,CNY,2023-03-31 00:00:00,False,
TXN000194,10000014,中国,10000003,德国,6633.57,CNY,2023-07-03 00:00:00,False,
TXN000195,10000030,美国,10000041,中国,838.27,CNY,2023-05-16 00:00:00,False,
TXN000196,10000006,中国,10000016,韩国,37098.82,CNY,2023-09-27 00:00:00,False,
TXN000197,10000014,中国,10000008,德国,23838.49,CNY,2023-07-05 00:00:00,False,
TXN000198,10000065,新加坡,10000013,日本,22627.67,CNY,2023-04-24 00:00:00,False,
TXN000199,10000005,德国,10000066,中国,15116.43,CNY,2023-11-26 00:00:00,False,
TXN000200,10000003,德国,10000007,韩国,49929.41,CNY,2023-07-25 00:00:00,False,
TXN000201,10000054,日本,10000013,日本,24538.93,CNY,2023-08-16 00:00:00,False,
TXN000202,10000009,美国,10000010,日本,16139.49,CNY,2023-03-17 00:00:00,False,
TXN000203,10000008,德国,10000016,韩国,13787.05,CNY,2023-11-21 00:00:00,False,
TXN000204,10000041,中国,10000048,法国,49731.66,CNY,2023-09-29 00:00:00,False,
TXN000205,10000037,英国,10000058,德国,25302.28,CNY,2023-08-09 00:00:00,False,
TXN000206,10000012,韩国,10000014,中国,42647.0,CNY,2023-11-30 00:00:00,False,
TXN000207,10000027,法国,10000055,法国,22605.17,CNY,2023-04-27 00:00:00,False,
TXN000208,10000052,德国,10000043,美国,41379.59,CNY,2023-07-24 00:00:00,False,
TXN000209,10000053,德国,10000012,韩国,15661.79,CNY,2023-06-10 00:00:00,False,
TXN000210,10000032,韩国,10000047,德国,47681.95,CNY,2023-12-18 00:00:00,False,
TXN000211,10000060,中国,10000008,德国,4606.68,CNY,2023-02-13 00:00:00,False,
TXN000212,10000011,中国,10000055,法国,4873.39,CNY,2023-07-10 00:00:00,False,
TXN000213,10000016,韩国,10000007,韩国,29343.93,CNY,2023-10-15 00:00:00,False,
TXN000214,10000042,法国,10000015,美国,20569.89,CNY,2023-12-07 00:00:00,False,
TXN000215,10000054,日本,10000006,中国,48421.51,CNY,2023-11-04 00:00:00,False,
TXN000216,10000039,德国,10000045,英国,5224.85,CNY,2023-09-17 00:00:00,False,
TXN000217,10000027,法国,10000019,英国,32853.98,CNY,2023-04-25 00:00:00,False,
TXN000218,10000013,日本,10000044,美国,42276.4,CNY,2023-07-08 00:00:00,False,
TXN000219,10000014,中国,10000035,日本,28726.3,CNY,2023-08-08 00:00:00,False,
TXN000220,10000003,德国,10000034,美国,1496.21,CNY,2023-05-20 00:00:00,False,
TXN000221,10000039,德国,10000043,美国,17583.62,CNY,2023-04-03 00:00:00,False,
TXN000222,10000018,法国,10000051,日本,3525.79,CNY,2023-11-21 00:00:00,False,
TXN000223,10000003,德国,10000011,中国,37318.28,CNY,2023-04-21 00:00:00,False,
TXN000224,10000048,法国,10000053,德国,22709.61,CNY,2023-03-22 00:00:00,False,
TXN000225,10000047,德国,10000039,德国,36093.72,CNY,2023-10-18 00:00:00,False,
TXN000226,10000010,日本,10000006,中国,7821.22,CNY,2023-11-13 00:00:00,False,
TXN000227,10000006,中国,10000010,日本,13641.54,CNY,2023-12-05 00:00:00,False,
TXN000228,10000054,日本,10000062,美国,30373.45,CNY,2023-08-01 00:00:00,False,
TXN000229,10000034,美国,10000027,法国,37759.41,CNY,2023-02-28 00:00:00,False,
TXN000230,10000044,美国,10000055,法国,5588.94,CNY,2023-12-14 00:00:00,False,
TXN000231,10000062,美国,10000067,美国,33373.27,CNY,2023-01-24 00:00:00,False,
TXN000232,10000028,韩国,10000050,美国,49223.06,CNY,2023-01-29 00:00:00,False,
TXN000233,10000000,法国,10000026,英国,15105.9,CNY,2023-04-19 00:00:00,False,
TXN000234,10000017,英国,10000032,韩国,14507.88,CNY,2023-03-03 00:00:00,False,
TXN000235,10000000,法国,10000063,新加坡,37363.36,CNY,2023-03-31 00:00:00,False,
TXN000236,10000016,韩国,10000048,法国,26652.49,CNY,2023-04-28 00:00:00,False,
TXN000237,10000064,法国,10000045,英国,3650.17,CNY,2023-01-22 00:00:00,False,
TXN000238,10000055,法国,10000002,韩国,23014.72,CNY,2023-02-09 00:00:00,False,
TXN000239,10000040,中国,10000054,日本,28691.31,CNY,2023-12-30 00:00:00,False,
TXN000240,10000053,德国,10000037,英国,5802.91,CNY,2023-01-11 00:00:00,False,
TXN000241,10000041,中国,10000021,德国,40076.04,CNY,2023-11-13 00:00:00,False,
TXN000242,10000058,德国,10000046,英国,4452.09,CNY,2023-02-24 00:00:00,False,
TXN000243,10000031,韩国,10000055,法国,29464.12,CNY,2023-09-26 00:00:00,False,
TXN000244,10000010,日本,10000050,美国,43532.69,CNY,2023-06-23 00:00:00,False,
TXN000245,10000028,韩国,10000042,法国,38966.94,CNY,2023-02-09 00:00:00,False,
TXN000246,10000065,新加坡,10000014,中国,26553.71,CNY,2023-04-10 00:00:00,False,
TXN000247,10000044,美国,10000018,法国,11851.63,CNY,2023-03-16 00:00:00,False,
TXN000248,10000032,韩国,10000025,韩国,8716.28,CNY,2023-03-20 00:00:00,False,
TXN000249,10000009,美国,10000022,德国,47567.04,CNY,2023-11-18 00:00:00,False,
TXN000250,10000063,新加坡,10000059,日本,37734.57,CNY,2023-10-24 00:00:00,False,
TXN000251,10000057,德国,10000041,中国,43219.13,CNY,2023-11-18 00:00:00,False,
TXN000252,10000040,中国,10000019,英国,22016.15,CNY,2023-08-29 00:00:00,False,
TXN000253,10000056,英国,10000038,法国,39826.67,CNY,2023-10-30 00:00:00,False,
TXN000254,10000007,韩国,10000045,英国,25391.48,CNY,2023-06-08 00:00:00,False,
TXN000255,10000059,日本,10000057,德国,1928.48,CNY,2023-07-08 00:00:00,False,
TXN000256,10000036,英国,10000009,美国,32251.09,CNY,2023-02-16 00:00:00,False,
TXN000257,10000064,法国,10000049,新加坡,23162.45,CNY,2023-10-11 00:00:00,False,
TXN000258,10000005,德国,10000057,德国,45457.05,CNY,2023-10-20 00:00:00,False,
TXN000259,10000024,日本,10000041,中国,30270.04,CNY,2023-09-14 00:00:00,False,
TXN000260,10000019,英国,10000007,韩国,22553.63,CNY,2023-06-25 00:00:00,False,
TXN000261,10000010,日本,10000064,法国,32324.05,CNY,2023-01-21 00:00:00,False,
TXN000262,10000031,韩国,10000056,英国,49549.75,CNY,2023-09-26 00:00:00,False,
TXN000263,10000066,中国,10000020,英国,18226.7,CNY,2023-05-25 00:00:00,False,
TXN000264,10000049,新加坡,10000052,德国,38734.52,CNY,2023-12-14 00:00:00,False,
TXN000265,10000006,中国,10000042,法国,3342.3,CNY,2023-02-18 00:00:00,False,
TXN000266,10000049,新加坡,10000036,英国,12637.19,CNY,2023-12-03 00:00:00,False,
TXN000267,10000019,英国,10000042,法国,4121.02,CNY,2023-12-06 00:00:00,False,
TXN000268,10000018,法国,10000044,美国,15546.08,CNY,2023-12-02 00:00:00,False,
TXN000269,10000050,美国,10000016,韩国,29772.31,CNY,2023-02-13 00:00:00,False,
TXN000270,10000039,德国,10000048,法国,32192.49,CNY,2023-06-18 00:00:00,False,
TXN000271,10000016,韩国,10000067,美国,4717.98,CNY,2023-12-10 00:00:00,False,
TXN000272,10000054,日本,10000065,新加坡,18123.31,CNY,2023-07-05 00:00:00,False,
TXN000273,10000039,德国,10000023,韩国,47560.91,CNY,2023-06-24 00:00:00,False,
TXN000274,10000062,美国,10000024,日本,11365.83,CNY,2023-03-12 00:00:00,False,
TXN000275,10000019,英国,10000009,美国,14824.82,CNY,2023-02-21 00:00:00,False,
TXN000276,10000064,法国,10000069,德国,41764.24,CNY,2023-09-27 00:00:00,False,
TXN000277,10000004,德国,10000043,美国,43825.82,CNY,2023-11-13 00:00:00,False,
TXN000278,10000016,韩国,10000048,法国,7754.93,CNY,2023-04-03 00:00:00,False,
TXN000279,10000021,德国,10000056,英国,2232.44,CNY,2023-07-06 00:00:00,False,
TXN000280,10000030,美国,10000056,英国,30549.24,CNY,2023-08-18 00:00:00,False,
TXN000281,10000029,新加坡,10000068,英国,11996.47,CNY,2023-08-29 00:00:00,False,
TXN000282,10000024,日本,10000047,德国,33931.43,CNY,2023-10-20 00:00:00,False,
TXN000283,10000056,英国,10000059,日本,38483.46,CNY,2023-07-15 00:00:00,False,
TXN000284,10000064,法国,10000067,美国,20962.11,CNY,2023-03-24 00:00:00,False,
TXN000285,10000025,韩国,10000017,英国,43656.45,CNY,2023-01-27 00:00:00,False,
TXN000286,10000061,中国,10000047,德国,27749.31,CNY,2023-02-22 00:00:00,False,
TXN000287,10000066,中国,10000015,美国,14288.9,CNY,2023-03-24 00:00:00,False,
TXN000288,10000034,美国,10000057,德国,45270.05,CNY,2023-03-17 00:00:00,False,
TXN000289,10000055,法国,10000011,中国,47323.34,CNY,2023-04-24 00:00:00,False,
TXN000290,10000057,德国,10000044,美国,46527.07,CNY,2023-08-01 00:00:00,False,
TXN000291,10000006,中国,10000050,美国,25125.26,CNY,2023-05-01 00:00:00,False,
TXN000292,10000049,新加坡,10000010,日本,18776.89,CNY,2023-01-15 00:00:00,False,
TXN000293,10000040,中国,10000012,韩国,41966.86,CNY,2023-11-29 00:00:00,False,
TXN000294,10000042,法国,10000018,法国,6923.1,CNY,2023-05-27 00:00:00,False,
TXN000295,10000060,中国,10000017,英国,37954.12,CNY,2023-08-29 00:00:00,False,
TXN000296,10000057,德国,10000000,法国,45297.58,CNY,2023-01-10 00:00:00,False,
TXN000297,10000032,韩国,10000027,法国,41756.41,CNY,2023-10-08 00:00:00,False,
TXN000298,10000067,美国,10000054,日本,5603.78,CNY,2023-05-28 00:00:00,False,
TXN000299,10000030,美国,10000038,法国,6136.32,CNY,2023-05-03 00:00:00,False,
TXN000300,10000053,德国,10000058,德国,3187.22,CNY,2023-09-13 00:00:00,False,
TXN000301,10000068,英国,10000002,韩国,31616.15,CNY,2023-10-22 00:00:00,False,
TXN000302,10000030,美国,10000018,法国,14599.04,CNY,2023-01-01 00:00:00,False,
TXN000303,10000045,英国,10000030,美国,28554.65,CNY,2023-04-06 00:00:00,False,
TXN000304,10000010,日本,10000067,美国,48733.99,CNY,2023-02-04 00:00:00,False,
TXN000305,10000067,美国,10000069,德国,25391.02,CNY,2023-09-17 00:00:00,False,
TXN000306,10000002,韩国,10000049,新加坡,43672.91,CNY,2023-01-23 00:00:00,False,
TXN000307,10000049,新加坡,10000047,德国,12719.83,CNY,2023-01-09 00:00:00,False,
TXN000308,10000045,英国,10000008,德国,17272.88,CNY,2023-12-03 00:00:00,False,
TXN000309,10000013,日本,10000042,法国,6713.81,CNY,2023-06-30 00:00:00,False,
TXN000310,10000069,德国,10000043,美国,40684.77,CNY,2023-03-31 00:00:00,False,
TXN000311,10000059,日本,10000061,中国,31605.21,CNY,2023-03-11 00:00:00,False,
TXN000312,10000008,德国,10000058,德国,1897.34,CNY,2023-04-14 00:00:00,False,
TXN000313,10000005,德国,10000025,韩国,44295.23,CNY,2023-06-11 00:00:00,False,
TXN000314,10000039,德国,10000065,新加坡,19941.29,CNY,2023-10-06 00:00:00,False,
TXN000315,10000060,中国,10000032,韩国,1879.21,CNY,2023-11-28 00:00:00,False,
TXN000316,10000024,日本,10000036,英国,17880.86,CNY,2023-01-25 00:00:00,False,
TXN000317,10000042,法国,10000034,美国,6267.53,CNY,2023-07-08 00:00:00,False,
TXN000318,10000055,法国,10000051,日本,37178.22,CNY,2023-07-17 00:00:00,False,
TXN000319,10000043,美国,10000023,韩国,24835.35,CNY,2023-09-12 00:00:00,False,
TXN000320,10000047,德国,10000066,中国,13372.7,CNY,2023-02-12 00:00:00,False,
TXN000321,10000054,日本,10000010,日本,21558.83,CNY,2023-04-03 00:00:00,False,
TXN000322,10000069,德国,10000037,英国,16094.51,CNY,2023-02-10 00:00:00,False,
TXN000323,10000041,中国,10000037,英国,15359.47,CNY,2023-11-05 00:00:00,False,
TXN000324,10000054,日本,10000021,德国,34503.75,CNY,2023-06-29 00:00:00,False,
TXN000325,10000057,德国,10000005,德国,36354.38,CNY,2023-06-30 00:00:00,False,
TXN000326,10000055,法国,10000035,日本,31991.49,CNY,2023-01-30 00:00:00,False,
TXN000327,10000009,美国,10000051,日本,18197.39,CNY,2023-12-14 00:00:00,False,
TXN000328,10000020,英国,10000003,德国,7181.83,CNY,2023-11-08 00:00:00,False,
TXN000329,10000056,英国,10000004,德国,6355.19,CNY,2023-05-01 00:00:00,False,
TXN000330,10000046,英国,10000049,新加坡,47475.88,CNY,2023-01-17 00:00:00,False,
TXN000331,10000019,英国,10000057,德国,47443.74,CNY,2023-07-10 00:00:00,False,
TXN000332,10000056,英国,10000009,美国,28717.39,CNY,2023-09-29 00:00:00,False,
TXN000333,10000046,英国,10000050,美国,15753.55,CNY,2023-05-23 00:00:00,False,
TXN000334,10000031,韩国,10000014,中国,1344.37,CNY,2023-04-06 00:00:00,False,
TXN000335,10000063,新加坡,10000066,中国,19380.02,CNY,2023-10-15 00:00:00,False,
TXN000336,10000015,美国,10000033,法国,38759.48,CNY,2023-12-27 00:00:00,False,
TXN000337,10000057,德国,10000027,法国,49818.44,CNY,2023-05-27 00:00:00,False,
TXN000338,10000062,美国,10000025,韩国,6175.74,CNY,2023-02-07 00:00:00,False,
TXN000339,10000057,德国,10000022,德国,44939.02,CNY,2023-08-16 00:00:00,False,
TXN000340,10000011,中国,10000040,中国,33408.6,CNY,2023-12-30 00:00:00,False,
TXN000341,10000008,德国,10000069,德国,14553.6,CNY,2023-06-03 00:00:00,False,
TXN000342,10000020,英国,10000022,德国,39695.13,CNY,2023-09-18 00:00:00,False,
TXN000343,10000028,韩国,10000015,美国,49257.37,CNY,2023-03-13 00:00:00,False,
TXN000344,10000030,美国,10000063,新加坡,1362.89,CNY,2023-10-11 00:00:00,False,
TXN000345,10000047,德国,10000059,日本,40192.9,CNY,2023-10-10 00:00:00,False,
TXN000346,10000016,韩国,10000011,中国,3334.12,CNY,2023-07-23 00:00:00,False,
TXN000347,10000061,中国,10000067,美国,20569.22,CNY,2023-07-29 00:00:00,False,
TXN000348,10000009,美国,10000016,韩国,48620.37,CNY,2023-11-25 00:00:00,False,
TXN000349,10000009,美国,10000057,德国,23318.37,CNY,2023-09-22 00:00:00,False,
TXN000350,10000044,美国,10000016,韩国,43904.11,CNY,2023-10-10 00:00:00,False,
TXN000351,10000023,韩国,10000016,韩国,21659.28,CNY,2023-01-29 00:00:00,False,
TXN000352,10000015,美国,10000066,中国,7693.12,CNY,2023-03-26 00:00:00,False,
TXN000353,10000020,英国,10000041,中国,46740.15,CNY,2023-04-26 00:00:00,False,
TXN000354,10000044,美国,10000066,中国,44751.55,CNY,2023-02-10 00:00:00,False,
TXN000355,10000032,韩国,10000025,韩国,31771.1,CNY,2023-10-10 00:00:00,False,
TXN000356,10000035,日本,10000016,韩国,31269.87,CNY,2023-11-11 00:00:00,False,
TXN000357,10000068,英国,10000011,中国,25153.53,CNY,2023-03-28 00:00:00,False,
TXN000358,10000019,英国,10000021,德国,32953.71,CNY,2023-11-06 00:00:00,False,
TXN000359,10000043,美国,10000005,德国,41270.55,CNY,2023-01-15 00:00:00,False,
TXN000360,10000010,日本,10000005,德国,47429.92,CNY,2023-10-23 00:00:00,False,
TXN000361,10000033,法国,10000026,英国,38359.6,CNY,2023-08-02 00:00:00,False,
TXN000362,10000003,德国,10000063,新加坡,44455.39,CNY,2023-10-07 00:00:00,False,
TXN000363,10000037,英国,10000038,法国,24173.09,CNY,2023-12-17 00:00:00,False,
TXN000364,10000051,日本,10000038,法国,22704.53,CNY,2023-12-19 00:00:00,False,
TXN000365,10000007,韩国,10000020,英国,22008.29,CNY,2023-09-05 00:00:00,False,
TXN000366,10000059,日本,10000026,英国,17042.62,CNY,2023-03-15 00:00:00,False,
TXN000367,10000040,中国,10000044,美国,48769.94,CNY,2023-03-08 00:00:00,False,
TXN000368,10000047,德国,10000065,新加坡,28104.48,CNY,2023-06-13 00:00:00,False,
TXN000369,10000030,美国,10000059,日本,6169.97,CNY,2023-08-19 00:00:00,False,
TXN000370,10000031,韩国,10000018,法国,4885.74,CNY,2023-05-29 00:00:00,False,
TXN000371,10000049,新加坡,10000053,德国,12451.1,CNY,2023-03-23 00:00:00,False,
TXN000372,10000041,中国,10000040,中国,9532.21,CNY,2023-03-23 00:00:00,False,
TXN000373,10000063,新加坡,10000065,新加坡,23367.42,CNY,2023-06-07 00:00:00,False,
TXN000374,10000063,新加坡,10000002,韩国,4547.95,CNY,2023-07-21 00:00:00,False,
TXN000375,10000064,法国,10000058,德国,48336.0,CNY,2023-04-21 00:00:00,False,
TXN000376,10000045,英国,10000006,中国,2574.49,CNY,2023-09-11 00:00:00,False,
TXN000377,10000060,中国,10000036,英国,26857.7,CNY,2023-02-25 00:00:00,False,
TXN000378,10000055,法国,10000017,英国,44128.66,CNY,2023-07-07 00:00:00,False,
TXN000379,10000051,日本,10000046,英国,2309.86,CNY,2023-01-27 00:00:00,False,
TXN000380,10000024,日本,10000046,英国,27683.49,CNY,2023-02-07 00:00:00,False,
TXN000381,10000049,新加坡,10000064,法国,22545.2,CNY,2023-10-09 00:00:00,False,
TXN000382,10000035,日本,10000015,美国,6476.74,CNY,2023-02-19 00:00:00,False,
TXN000383,10000050,美国,10000047,德国,39755.12,CNY,2023-06-23 00:00:00,False,
TXN000384,10000046,英国,10000018,法国,9992.94,CNY,2023-09-18 00:00:00,False,
TXN000385,10000051,日本,10000064,法国,2060.73,CNY,2023-01-20 00:00:00,False,
TXN000386,10000017,英国,10000042,法国,40208.09,CNY,2023-09-23 00:00:00,False,
TXN000387,10000058,德国,10000019,英国,30332.71,CNY,2023-09-21 00:00:00,False,
TXN000388,10000017,英国,10000041,中国,46571.87,CNY,2023-06-13 00:00:00,False,
TXN000389,10000020,英国,10000050,美国,49531.26,CNY,2023-06-03 00:00:00,False,
TXN000390,10000043,美国,10000064,法国,41423.05,CNY,2023-09-30 00:00:00,False,
TXN000391,10000062,美国,10000038,法国,23770.89,CNY,2023-01-09 00:00:00,False,
TXN000392,10000047,德国,10000042,法国,33706.63,CNY,2023-08-02 00:00:00,False,
TXN000393,10000039,德国,10000003,德国,29865.64,CNY,2023-05-16 00:00:00,False,
TXN000394,10000029,新加坡,10000006,中国,29196.99,CNY,2023-03-29 00:00:00,False,
TXN000395,10000067,美国,10000048,法国,7431.4,CNY,2023-12-15 00:00:00,False,
TXN000396,10000031,韩国,10000004,德国,28649.89,CNY,2023-12-25 00:00:00,False,
TXN000397,10000014,中国,10000024,日本,995.92,CNY,2023-06-10 00:00:00,False,
TXN000398,10000053,德国,10000019,英国,20677.36,CNY,2023-04-15 00:00:00,False,
TXN000399,10000052,德国,10000064,法国,38759.87,CNY,2023-08-30 00:00:00,False,
TXN000400,10000007,韩国,10000017,英国,25958.23,CNY,2023-10-15 00:00:00,False,
TXN000401,10000041,中国,10000061,中国,26297.58,CNY,2023-06-10 00:00:00,False,
TXN000402,10000022,德国,10000058,德国,45610.6,CNY,2023-06-25 00:00:00,False,
TXN000403,10000069,德国,10000045,英国,33809.64,CNY,2023-12-15 00:00:00,False,
TXN000404,10000033,法国,10000061,中国,9653.6,CNY,2023-05-07 00:00:00,False,
TXN000405,10000035,日本,10000038,法国,11282.11,CNY,2023-06-02 00:00:00,False,
TXN000406,10000036,英国,10000026,英国,34527.48,CNY,2023-09-08 00:00:00,False,
TXN000407,10000040,中国,10000061,中国,17472.72,CNY,2023-05-21 00:00:00,False,
TXN000408,10000036,英国,10000015,美国,28695.17,CNY,2023-10-06 00:00:00,False,
TXN000409,10000048,法国,10000050,美国,40927.95,CNY,2023-03-16 00:00:00,False,
TXN000410,10000037,英国,10000005,德国,14417.14,CNY,2023-02-10 00:00:00,False,
TXN000411,10000044,美国,10000056,英国,32815.8,CNY,2023-09-03 00:00:00,False,
TXN000412,10000027,法国,10000025,韩国,41406.19,CNY,2023-05-19 00:00:00,False,
TXN000413,10000034,美国,10000017,英国,5505.87,CNY,2023-10-28 00:00:00,False,
TXN000414,10000030,美国,10000031,韩国,2585.73,CNY,2023-09-29 00:00:00,False,
TXN000415,10000028,韩国,10000029,新加坡,2671.93,CNY,2023-07-31 00:00:00,False,
TXN000416,10000042,法国,10000060,中国,5072.22,CNY,2023-03-12 00:00:00,False,
TXN000417,10000000,法国,10000020,英国,20375.03,CNY,2023-09-01 00:00:00,False,
TXN000418,10000061,中国,10000025,韩国,37807.76,CNY,2023-05-28 00:00:00,False,
TXN000419,10000041,中国,10000036,英国,32312.6,CNY,2023-02-15 00:00:00,False,
TXN000420,10000029,新加坡,10000068,英国,36947.39,CNY,2023-01-20 00:00:00,False,
TXN000421,10000022,德国,10000053,德国,44118.14,CNY,2023-04-01 00:00:00,False,
TXN000422,10000004,德国,10000050,美国,39408.63,CNY,2023-04-06 00:00:00,False,
TXN000423,10000037,英国,10000004,德国,512.9,CNY,2023-10-18 00:00:00,False,
TXN000424,10000013,日本,10000042,法国,14263.85,CNY,2023-11-25 00:00:00,False,
TXN000425,10000069,德国,10000067,美国,24720.93,CNY,2023-03-10 00:00:00,False,
TXN000426,10000064,法国,10000059,日本,13678.21,CNY,2023-02-27 00:00:00,False,
TXN000427,10000042,法国,10000020,英国,36569.41,CNY,2023-11-28 00:00:00,False,
TXN000428,10000032,韩国,10000023,韩国,753.51,CNY,2023-06-22 00:00:00,False,
TXN000429,10000037,英国,10000024,日本,8815.97,CNY,2023-11-24 00:00:00,False,
TXN000430,10000051,日本,10000054,日本,25788.27,CNY,2023-02-14 00:00:00,False,
TXN000431,10000051,日本,10000012,韩国,9279.82,CNY,2023-03-13 00:00:00,False,
TXN000432,10000061,中国,10000041,中国,46794.48,CNY,2023-01-04 00:00:00,False,
TXN000433,10000033,法国,10000049,新加坡,11814.29,CNY,2023-05-17 00:00:00,False,
TXN000434,10000042,法国,10000038,法国,29143.91,CNY,2023-10-21 00:00:00,False,
TXN000435,10000001,美国,10000033,法国,32701.48,CNY,2023-12-21 00:00:00,False,
TXN000436,10000030,美国,10000007,韩国,33405.92,CNY,2023-08-27 00:00:00,False,
TXN000437,10000039,德国,10000020,英国,20300.56,CNY,2023-09-15 00:00:00,False,
TXN000438,10000039,德国,10000015,美国,31953.63,CNY,2023-06-01 00:00:00,False,
TXN000439,10000047,德国,10000028,韩国,10995.47,CNY,2023-03-10 00:00:00,False,
TXN000440,10000061,中国,10000019,英国,22776.18,CNY,2023-11-07 00:00:00,False,
TXN000441,10000047,德国,10000053,德国,35111.94,CNY,2023-08-30 00:00:00,False,
TXN000442,10000068,英国,10000027,法国,38104.89,CNY,2023-12-15 00:00:00,False,
TXN000443,10000010,日本,10000067,美国,22365.06,CNY,2023-12-27 00:00:00,False,
TXN000444,10000046,英国,10000009,美国,45866.37,CNY,2023-02-27 00:00:00,False,
TXN000445,10000007,韩国,10000064,法国,10147.73,CNY,2023-10-02 00:00:00,False,
TXN000446,10000019,英国,10000021,德国,16439.48,CNY,2023-09-24 00:00:00,False,
TXN000447,10000056,英国,10000014,中国,34030.75,CNY,2023-10-26 00:00:00,False,
TXN000448,10000062,美国,10000011,中国,44949.52,CNY,2023-08-17 00:00:00,False,
TXN000449,10000007,韩国,10000058,德国,6640.62,CNY,2023-08-01 00:00:00,False,
TXN000450,10000058,德国,10000007,韩国,27961.92,CNY,2023-12-11 00:00:00,False,
TXN000451,10000039,德国,10000002,韩国,19827.64,CNY,2023-01-02 00:00:00,False,
TXN000452,10000027,法国,10000009,美国,2312.23,CNY,2023-06-26 00:00:00,False,
TXN000453,10000008,德国,10000069,德国,49706.48,CNY,2023-02-05 00:00:00,False,
TXN000454,10000060,中国,10000004,德国,14390.18,CNY,2023-04-03 00:00:00,False,
TXN000455,10000017,英国,10000053,德国,18754.32,CNY,2023-07-15 00:00:00,False,
TXN000456,10000057,德国,10000048,法国,18813.49,CNY,2023-12-16 00:00:00,False,
TXN000457,10000069,德国,10000017,英国,32694.03,CNY,2023-06-28 00:00:00,False,
TXN000458,10000015,美国,10000022,德国,49642.7,CNY,2023-07-21 00:00:00,False,
TXN000459,10000067,美国,10000016,韩国,36406.51,CNY,2023-04-25 00:00:00,False,
TXN000460,10000000,法国,10000002,韩国,48925.61,CNY,2023-08-26 00:00:00,False,
TXN000461,10000069,德国,10000054,日本,26620.08,CNY,2023-04-28 00:00:00,False,
TXN000462,10000031,韩国,10000058,德国,17340.68,CNY,2023-05-22 00:00:00,False,
TXN000463,10000024,日本,10000014,中国,1659.25,CNY,2023-12-05 00:00:00,False,
TXN000464,10000053,德国,10000002,韩国,12071.28,CNY,2023-02-04 00:00:00,False,
TXN000465,10000012,韩国,10000004,德国,22349.73,CNY,2023-12-11 00:00:00,False,
TXN000466,10000006,中国,10000031,韩国,37040.03,CNY,2023-07-25 00:00:00,False,
TXN000467,10000056,英国,10000029,新加坡,27011.0,CNY,2023-01-29 00:00:00,False,
TXN000468,10000017,英国,10000064,法国,49674.5,CNY,2023-04-30 00:00:00,False,
TXN000469,10000040,中国,10000041,中国,11883.36,CNY,2023-03-15 00:00:00,False,
TXN000470,10000066,中国,10000028,韩国,20707.33,CNY,2023-05-21 00:00:00,False,
TXN000471,10000007,韩国,10000022,德国,31318.36,CNY,2023-08-07 00:00:00,False,
TXN000472,10000063,新加坡,10000006,中国,48615.9,CNY,2023-11-26 00:00:00,False,
TXN000473,10000048,法国,10000067,美国,15970.79,CNY,2023-08-02 00:00:00,False,
TXN000474,10000052,德国,10000019,英国,15029.43,CNY,2023-04-05 00:00:00,False,
TXN000475,10000068,英国,10000060,中国,12086.36,CNY,2023-04-26 00:00:00,False,
TXN000476,10000038,法国,10000018,法国,40298.52,CNY,2023-01-30 00:00:00,False,
TXN000477,10000052,德国,10000053,德国,27886.47,CNY,2023-03-10 00:00:00,False,
TXN000478,10000049,新加坡,10000031,韩国,12787.03,CNY,2023-06-19 00:00:00,False,
TXN000479,10000010,日本,10000057,德国,42364.31,CNY,2023-02-17 00:00:00,False,
TXN000480,10000068,英国,10000024,日本,2624.25,CNY,2023-07-13 00:00:00,False,
TXN000481,10000005,德国,10000009,美国,9448.76,CNY,2023-10-28 00:00:00,False,
TXN000482,10000027,法国,10000061,中国,10484.01,CNY,2023-06-20 00:00:00,False,
TXN000483,10000038,法国,10000001,美国,10629.8,CNY,2023-04-08 00:00:00,False,
TXN000484,10000015,美国,10000061,中国,45726.34,CNY,2023-12-23 00:00:00,False,
TXN000485,10000026,英国,10000050,美国,45760.57,CNY,2023-10-10 00:00:00,False,
TXN000486,10000041,中国,10000036,英国,19064.05,CNY,2023-10-01 00:00:00,False,
TXN000487,10000045,英国,10000039,德国,13115.0,CNY,2023-09-20 00:00:00,False,
TXN000488,10000063,新加坡,10000059,日本,4975.48,CNY,2023-08-29 00:00:00,False,
TXN000489,10000040,中国,10000026,英国,18566.71,CNY,2023-07-31 00:00:00,False,
TXN000490,10000005,德国,10000028,韩国,37075.56,CNY,2023-01-09 00:00:00,False,
TXN000491,10000033,法国,10000053,德国,14794.85,CNY,2023-04-11 00:00:00,False,
TXN000492,10000042,法国,10000029,新加坡,19023.0,CNY,2023-05-06 00:00:00,False,
TXN000493,10000063,新加坡,10000043,美国,12903.47,CNY,2023-09-08 00:00:00,False,
TXN000494,10000062,美国,10000058,德国,8453.27,CNY,2023-06-30 00:00:00,False,
TXN000495,10000021,德国,10000017,英国,36029.66,CNY,2023-09-08 00:00:00,False,
TXN000496,10000023,韩国,10000069,德国,49516.66,CNY,2023-01-31 00:00:00,False,
TXN000497,10000067,美国,10000004,德国,41961.47,CNY,2023-02-08 00:00:00,False,
TXN000498,10000006,中国,10000000,法国,20648.99,CNY,2023-11-19 00:00:00,False,
TXN000499,10000029,新加坡,10000008,德国,35373.12,CNY,2023-01-05 00:00:00,False,
TXN000500,10000027,法国,10000064,法国,22827.68,CNY,2023-01-31 00:00:00,False,
TXN000501,10000061,中国,10000062,美国,835.8,CNY,2023-09-30 00:00:00,False,
TXN000502,10000052,德国,10000001,美国,885.47,CNY,2023-05-21 00:00:00,False,
TXN000503,10000068,英国,10000036,英国,906.27,CNY,2023-12-24 00:00:00,False,
TXN000504,10000055,法国,10000022,德国,5395.47,CNY,2023-02-19 00:00:00,False,
TXN000505,10000067,美国,10000019,英国,12086.39,CNY,2023-11-14 00:00:00,False,
TXN000506,10000067,美国,10000032,韩国,40769.96,CNY,2023-05-17 00:00:00,False,
TXN000507,10000050,美国,10000010,日本,18683.93,CNY,2023-07-27 00:00:00,False,
TXN000508,10000058,德国,10000031,韩国,49512.14,CNY,2023-04-26 00:00:00,False,
TXN000509,10000038,法国,10000010,日本,32704.1,CNY,2023-11-29 00:00:00,False,
TXN000510,10000004,德国,10000011,中国,20293.65,CNY,2023-07-13 00:00:00,False,
TXN000511,10000060,中国,10000007,韩国,31855.57,CNY,2023-12-26 00:00:00,False,
TXN000512,10000021,德国,10000010,日本,25017.93,CNY,2023-08-11 00:00:00,False,
TXN000513,10000042,法国,10000012,韩国,44744.82,CNY,2023-01-22 00:00:00,False,
TXN000514,10000029,新加坡,10000027,法国,45068.58,CNY,2023-12-21 00:00:00,False,
TXN000515,10000060,中国,10000034,美国,2375.77,CNY,2023-02-08 00:00:00,False,
TXN000516,10000035,日本,10000069,德国,28197.32,CNY,2023-01-17 00:00:00,False,
TXN000517,10000022,德国,10000040,中国,832.12,CNY,2023-04-17 00:00:00,False,
TXN000518,10000018,法国,10000050,美国,46447.3,CNY,2023-06-03 00:00:00,False,
TXN000519,10000020,英国,10000030,美国,28356.46,CNY,2023-07-19 00:00:00,False,
TXN000520,10000069,德国,10000042,法国,19223.12,CNY,2023-03-13 00:00:00,False,
TXN000521,10000010,日本,10000064,法国,37285.56,CNY,2023-06-27 00:00:00,False,
TXN000522,10000006,中国,10000012,韩国,21882.56,CNY,2023-02-08 00:00:00,False,
TXN000523,10000043,美国,10000050,美国,48447.58,CNY,2023-06-17 00:00:00,False,
TXN000524,10000003,德国,10000034,美国,39188.23,CNY,2023-08-19 00:00:00,False,
TXN000525,10000062,美国,10000029,新加坡,17822.77,CNY,2023-07-12 00:00:00,False,
TXN000526,10000055,法国,10000023,韩国,34000.76,CNY,2023-12-05 00:00:00,False,
TXN000527,10000048,法国,10000010,日本,38619.76,CNY,2023-06-01 00:00:00,False,
TXN000528,10000031,韩国,10000009,美国,4147.8,CNY,2023-03-20 00:00:00,False,
TXN000529,10000048,法国,10000019,英国,36995.78,CNY,2023-06-12 00:00:00,False,
TXN000530,10000046,英国,10000013,日本,4621.45,CNY,2023-06-07 00:00:00,False,
TXN000531,10000056,英国,10000046,英国,38079.26,CNY,2023-02-22 00:00:00,False,
TXN000532,10000016,韩国,10000011,中国,9410.22,CNY,2023-08-18 00:00:00,False,
TXN000533,10000065,新加坡,10000052,德国,5209.48,CNY,2023-02-15 00:00:00,False,
TXN000534,10000045,英国,10000011,中国,29866.38,CNY,2023-06-16 00:00:00,False,
TXN000535,10000049,新加坡,10000001,美国,14627.78,CNY,2023-07-18 00:00:00,False,
TXN000536,10000010,日本,10000031,韩国,28619.42,CNY,2023-03-28 00:00:00,False,
TXN000537,10000048,法国,10000021,德国,6985.06,CNY,2023-06-04 00:00:00,False,
TXN000538,10000034,美国,10000063,新加坡,7339.44,CNY,2023-03-27 00:00:00,False,
TXN000539,10000055,法国,10000035,日本,21084.06,CNY,2023-09-05 00:00:00,False,
TXN000540,10000009,美国,10000046,英国,12622.4,CNY,2023-05-07 00:00:00,False,
TXN000541,10000063,新加坡,10000025,韩国,22920.19,CNY,2023-03-11 00:00:00,False,
TXN000542,10000038,法国,10000000,法国,47443.73,CNY,2023-06-20 00:00:00,False,
TXN000543,10000048,法国,10000042,法国,22039.13,CNY,2023-08-09 00:00:00,False,
TXN000544,10000017,英国,10000038,法国,16067.22,CNY,2023-12-22 00:00:00,False,
TXN000545,10000025,韩国,10000061,中国,15743.45,CNY,2023-07-23 00:00:00,False,
TXN000546,10000040,中国,10000037,英国,36756.97,CNY,2023-11-21 00:00:00,False,
TXN000547,10000062,美国,10000031,韩国,16328.02,CNY,2023-05-24 00:00:00,False,
TXN000548,10000050,美国,10000046,英国,5738.7,CNY,2023-10-16 00:00:00,False,
TXN000549,10000025,韩国,10000069,德国,9037.36,CNY,2023-10-09 00:00:00,False,
TXN000550,10000003,德国,10000059,日本,47151.6,CNY,2023-04-18 00:00:00,False,
TXN000551,10000056,英国,10000037,英国,41572.53,CNY,2023-02-05 00:00:00,False,
TXN000552,10000052,德国,10000063,新加坡,7002.0,CNY,2023-06-05 00:00:00,False,
TXN000553,10000030,美国,10000032,韩国,32950.22,CNY,2023-08-05 00:00:00,False,
TXN000554,10000048,法国,10000009,美国,22480.88,CNY,2023-11-03 00:00:00,False,
TXN000555,10000061,中国,10000051,日本,26741.65,CNY,2023-12-21 00:00:00,False,
TXN000556,10000053,德国,10000069,德国,1886.42,CNY,2023-07-04 00:00:00,False,
TXN000557,10000068,英国,10000010,日本,5513.0,CNY,2023-05-08 00:00:00,False,
TXN000558,10000045,英国,10000021,德国,32367.64,CNY,2023-01-23 00:00:00,False,
TXN000559,10000051,日本,10000042,法国,48287.55,CNY,2023-08-09 00:00:00,False,
TXN000560,10000013,日本,10000001,美国,4975.4,CNY,2023-04-24 00:00:00,False,
TXN000561,10000065,新加坡,10000066,中国,27921.77,CNY,2023-12-19 00:00:00,False,
TXN000562,10000028,韩国,10000057,德国,18737.27,CNY,2023-08-26 00:00:00,False,
TXN000563,10000064,法国,10000019,英国,17281.12,CNY,2023-01-13 00:00:00,False,
TXN000564,10000061,中国,10000013,日本,14806.84,CNY,2023-02-13 00:00:00,False,
TXN000565,10000014,中国,10000018,法国,17449.02,CNY,2023-06-25 00:00:00,False,
TXN000566,10000058,德国,10000026,英国,26079.69,CNY,2023-06-28 00:00:00,False,
TXN000567,10000060,中国,10000012,韩国,21936.39,CNY,2023-12-23 00:00:00,False,
TXN000568,10000057,德国,10000040,中国,3405.36,CNY,2023-01-23 00:00:00,False,
TXN000569,10000014,中国,10000002,韩国,42466.54,CNY,2023-11-28 00:00:00,False,
TXN000570,10000013,日本,10000021,德国,46499.63,CNY,2023-05-05 00:00:00,False,
TXN000571,10000066,中国,10000022,德国,27617.92,CNY,2023-06-19 00:00:00,False,
TXN000572,10000054,日本,10000059,日本,11631.18,CNY,2023-07-27 00:00:00,False,
TXN000573,10000023,韩国,10000055,法国,19809.34,CNY,2023-11-11 00:00:00,False,
TXN000574,10000025,韩国,10000057,德国,29630.55,CNY,2023-07-19 00:00:00,False,
TXN000575,10000000,法国,10000027,法国,10328.93,CNY,2023-12-27 00:00:00,False,
TXN000576,10000008,德国,10000013,日本,39985.14,CNY,2023-10-02 00:00:00,False,
TXN000577,10000023,韩国,10000046,英国,16332.95,CNY,2023-08-23 00:00:00,False,
TXN000578,10000014,中国,10000033,法国,33551.54,CNY,2023-09-08 00:00:00,False,
TXN000579,10000067,美国,10000040,中国,29868.69,CNY,2023-11-09 00:00:00,False,
TXN000580,10000050,美国,10000014,中国,17428.84,CNY,2023-08-23 00:00:00,False,
TXN000581,10000022,德国,10000038,法国,45938.19,CNY,2023-10-30 00:00:00,False,
TXN000582,10000010,日本,10000017,英国,15693.63,CNY,2023-05-03 00:00:00,False,
TXN000583,10000039,德国,10000014,中国,9193.07,CNY,2023-12-22 00:00:00,False,
TXN000584,10000018,法国,10000065,新加坡,19453.74,CNY,2023-11-02 00:00:00,False,
TXN000585,10000017,英国,10000049,新加坡,21180.79,CNY,2023-09-07 00:00:00,False,
TXN000586,10000068,英国,10000022,德国,27767.88,CNY,2023-09-08 00:00:00,False,
TXN000587,10000036,英国,10000017,英国,9395.57,CNY,2023-08-19 00:00:00,False,
TXN000588,10000006,中国,10000045,英国,47594.51,CNY,2023-09-06 00:00:00,False,
TXN000589,10000017,英国,10000024,日本,40770.04,CNY,2023-10-15 00:00:00,False,
TXN000590,10000064,法国,10000063,新加坡,20486.26,CNY,2023-09-09 00:00:00,False,
TXN000591,10000053,德国,10000056,英国,24460.54,CNY,2023-02-12 00:00:00,False,
TXN000592,10000003,德国,10000028,韩国,14639.89,CNY,2023-05-21 00:00:00,False,
TXN000593,10000028,韩国,10000068,英国,14469.08,CNY,2023-08-23 00:00:00,False,
TXN000594,10000063,新加坡,10000065,新加坡,5704.89,CNY,2023-02-28 00:00:00,False,
TXN000595,10000034,美国,10000069,德国,41172.98,CNY,2023-07-07 00:00:00,False,
TXN000596,10000069,德国,10000005,德国,38012.21,CNY,2023-08-14 00:00:00,False,
TXN000597,10000069,德国,10000027,法国,49489.3,CNY,2023-02-22 00:00:00,False,
TXN000598,10000031,韩国,10000038,法国,43746.75,CNY,2023-01-17 00:00:00,False,
TXN000599,10000057,德国,10000033,法国,17461.42,CNY,2023-02-14 00:00:00,False,
TXN000600,10000056,英国,10000015,美国,38792.8,CNY,2023-05-02 00:00:00,False,
TXN000601,10000026,英国,10000044,美国,43059.38,CNY,2023-11-09 00:00:00,False,
TXN000602,10000054,日本,10000021,德国,30826.75,CNY,2023-04-16 00:00:00,False,
TXN000603,10000026,英国,10000007,韩国,28525.21,CNY,2023-09-30 00:00:00,False,
TXN000604,10000035,日本,10000068,英国,8460.45,CNY,2023-12-27 00:00:00,False,
TXN000605,10000037,英国,10000034,美国,47622.25,CNY,2023-09-21 00:00:00,False,
TXN000606,10000012,韩国,10000017,英国,48140.46,CNY,2023-07-30 00:00:00,False,
TXN000607,10000007,韩国,10000035,日本,43359.03,CNY,2023-03-06 00:00:00,False,
TXN000608,10000016,韩国,10000031,韩国,7354.86,CNY,2023-06-14 00:00:00,False,
TXN000609,10000031,韩国,10000050,美国,24498.46,CNY,2023-10-23 00:00:00,False,
TXN000610,10000034,美国,10000053,德国,18789.86,CNY,2023-02-08 00:00:00,False,
TXN000611,10000011,中国,10000051,日本,25804.89,CNY,2023-05-23 00:00:00,False,
TXN000612,10000047,德国,10000058,德国,47515.19,CNY,2023-06-17 00:00:00,False,
TXN000613,10000000,法国,10000011,中国,36560.05,CNY,2023-08-23 00:00:00,False,
TXN000614,10000045,英国,10000008,德国,39794.11,CNY,2023-07-23 00:00:00,False,
TXN000615,10000027,法国,10000054,日本,41251.14,CNY,2023-09-11 00:00:00,False,
TXN000616,10000034,美国,10000041,中国,41425.76,CNY,2023-06-22 00:00:00,False,
TXN000617,10000016,韩国,10000062,美国,39425.77,CNY,2023-12-16 00:00:00,False,
TXN000618,10000006,中国,10000005,德国,5023.76,CNY,2023-08-24 00:00:00,False,
TXN000619,10000002,韩国,10000015,美国,46475.17,CNY,2023-03-22 00:00:00,False,
TXN000620,10000056,英国,10000058,德国,83.76,CNY,2023-08-08 00:00:00,False,
TXN000621,10000025,韩国,10000016,韩国,44113.28,CNY,2023-06-04 00:00:00,False,
TXN000622,10000020,英国,10000035,日本,4712.33,CNY,2023-07-04 00:00:00,False,
TXN000623,10000032,韩国,10000010,日本,18623.6,CNY,2023-11-29 00:00:00,False,
TXN000624,10000021,德国,10000006,中国,19847.26,CNY,2023-06-06 00:00:00,False,
TXN000625,10000029,新加坡,10000054,日本,32791.49,CNY,2023-12-27 00:00:00,False,
TXN000626,10000012,韩国,10000000,法国,10710.39,CNY,2023-02-09 00:00:00,False,
TXN000627,10000016,韩国,10000028,韩国,25996.24,CNY,2023-08-16 00:00:00,False,
TXN000628,10000001,美国,10000043,美国,40864.6,CNY,2023-08-05 00:00:00,False,
TXN000629,10000016,韩国,10000061,中国,3587.87,CNY,2023-07-16 00:00:00,False,
TXN000630,10000011,中国,10000013,日本,5204.92,CNY,2023-07-08 00:00:00,False,
TXN000631,10000038,法国,10000017,英国,19166.92,CNY,2023-03-10 00:00:00,False,
TXN000632,10000018,法国,10000008,德国,26548.89,CNY,2023-01-05 00:00:00,False,
TXN000633,10000021,德国,10000056,英国,17591.83,CNY,2023-04-20 00:00:00,False,
TXN000634,10000019,英国,10000052,德国,30823.0,CNY,2023-08-15 00:00:00,False,
TXN000635,10000027,法国,10000011,中国,44834.82,CNY,2023-03-13 00:00:00,False,
TXN000636,10000015,美国,10000049,新加坡,17609.21,CNY,2023-08-08 00:00:00,False,
TXN000637,10000040,中国,10000017,英国,12426.93,CNY,2023-11-27 00:00:00,False,
TXN000638,10000010,日本,10000031,韩国,27692.16,CNY,2023-11-04 00:00:00,False,
TXN000639,10000036,英国,10000003,德国,42402.21,CNY,2023-12-04 00:00:00,False,
TXN000640,10000038,法国,10000026,英国,25911.57,CNY,2023-09-18 00:00:00,False,
TXN000641,10000024,日本,10000050,美国,14812.33,CNY,2023-01-28 00:00:00,False,
TXN000642,10000030,美国,10000063,新加坡,19324.98,CNY,2023-05-04 00:00:00,False,
TXN000643,10000063,新加坡,10000009,美国,26437.91,CNY,2023-01-07 00:00:00,False,
TXN000644,10000046,英国,10000040,中国,6642.54,CNY,2023-10-19 00:00:00,False,
TXN000645,10000053,德国,10000046,英国,27340.49,CNY,2023-03-30 00:00:00,False,
TXN000646,10000060,中国,10000009,美国,883.64,CNY,2023-02-04 00:00:00,False,
TXN000647,10000001,美国,10000033,法国,10826.36,CNY,2023-01-31 00:00:00,False,
TXN000648,10000050,美国,10000064,法国,14360.07,CNY,2023-09-14 00:00:00,False,
TXN000649,10000053,德国,10000054,日本,35105.44,CNY,2023-02-12 00:00:00,False,
TXN000650,10000068,英国,10000019,英国,13909.51,CNY,2023-06-08 00:00:00,False,
TXN000651,10000010,日本,10000065,新加坡,46050.2,CNY,2023-03-21 00:00:00,False,
TXN000652,10000068,英国,10000041,中国,19567.04,CNY,2023-11-21 00:00:00,False,
TXN000653,10000008,德国,10000039,德国,34948.86,CNY,2023-05-03 00:00:00,False,
TXN000654,10000007,韩国,10000031,韩国,4356.33,CNY,2023-08-11 00:00:00,False,
TXN000655,10000014,中国,10000058,德国,30634.22,CNY,2023-01-29 00:00:00,False,
TXN000656,10000039,德国,10000022,德国,6016.18,CNY,2023-12-29 00:00:00,False,
TXN000657,10000017,英国,10000001,美国,8233.44,CNY,2023-06-27 00:00:00,False,
TXN000658,10000066,中国,10000033,法国,8389.8,CNY,2023-03-06 00:00:00,False,
TXN000659,10000034,美国,10000015,美国,38582.94,CNY,2023-01-16 00:00:00,False,
TXN000660,10000042,法国,10000054,日本,13635.43,CNY,2023-02-02 00:00:00,False,
TXN000661,10000033,法国,10000009,美国,24832.57,CNY,2023-09-19 00:00:00,False,
TXN000662,10000046,英国,10000007,韩国,25005.52,CNY,2023-10-18 00:00:00,False,
TXN000663,10000021,德国,10000047,德国,7907.63,CNY,2023-02-22 00:00:00,False,
TXN000664,10000014,中国,10000029,新加坡,37051.96,CNY,2023-01-02 00:00:00,False,
TXN000665,10000005,德国,10000001,美国,12265.34,CNY,2023-08-30 00:00:00,False,
TXN000666,10000046,英国,10000049,新加坡,46015.32,CNY,2023-04-02 00:00:00,False,
TXN000667,10000004,德国,10000053,德国,11264.54,CNY,2023-05-08 00:00:00,False,
TXN000668,10000053,德国,10000040,中国,13599.34,CNY,2023-02-09 00:00:00,False,
TXN000669,10000047,德国,10000015,美国,25126.95,CNY,2023-01-27 00:00:00,False,
TXN000670,10000022,德国,10000028,韩国,40226.68,CNY,2023-01-24 00:00:00,False,
TXN000671,10000051,日本,10000008,德国,43855.71,CNY,2023-05-25 00:00:00,False,
TXN000672,10000039,德国,10000041,中国,4364.96,CNY,2023-08-22 00:00:00,False,
TXN000673,10000001,美国,10000047,德国,10073.52,CNY,2023-10-16 00:00:00,False,
TXN000674,10000038,法国,10000031,韩国,23223.14,CNY,2023-10-30 00:00:00,False,
TXN000675,10000063,新加坡,10000025,韩国,36636.54,CNY,2023-10-07 00:00:00,False,
TXN000676,10000031,韩国,10000019,英国,368.58,CNY,2023-07-29 00:00:00,False,
TXN000677,10000003,德国,10000029,新加坡,27100.18,CNY,2023-11-22 00:00:00,False,
TXN000678,10000001,美国,10000042,法国,123.03,CNY,2023-12-03 00:00:00,False,
TXN000679,10000048,法国,10000039,德国,5242.25,CNY,2023-09-29 00:00:00,False,
TXN000680,10000030,美国,10000053,德国,24626.84,CNY,2023-01-31 00:00:00,False,
TXN000681,10000018,法国,10000035,日本,4696.68,CNY,2023-04-29 00:00:00,False,
TXN000682,10000066,中国,10000052,德国,35057.3,CNY,2023-07-10 00:00:00,False,
TXN000683,10000058,德国,10000010,日本,29059.49,CNY,2023-09-16 00:00:00,False,
TXN000684,10000017,英国,10000050,美国,3787.78,CNY,2023-10-18 00:00:00,False,
TXN000685,10000007,韩国,10000055,法国,33139.07,CNY,2023-03-08 00:00:00,False,
TXN000686,10000030,美国,10000037,英国,13086.5,CNY,2023-06-11 00:00:00,False,
TXN000687,10000050,美国,10000041,中国,15936.98,CNY,2023-05-20 00:00:00,False,
TXN000688,10000029,新加坡,10000009,美国,47180.56,CNY,2023-03-11 00:00:00,False,
TXN000689,10000013,日本,10000019,英国,5327.6,CNY,2023-08-19 00:00:00,False,
TXN000690,10000059,日本,10000040,中国,20355.3,CNY,2023-10-02 00:00:00,False,
TXN000691,10000045,英国,10000026,英国,22623.26,CNY,2023-08-26 00:00:00,False,
TXN000692,10000033,法国,10000015,美国,4566.52,CNY,2023-12-18 00:00:00,False,
TXN000693,10000038,法国,10000005,德国,10790.29,CNY,2023-06-17 00:00:00,False,
TXN000694,10000018,法国,10000011,中国,35572.31,CNY,2023-07-02 00:00:00,False,
TXN000695,10000050,美国,10000065,新加坡,2495.08,CNY,2023-06-03 00:00:00,False,
TXN000696,10000033,法国,10000022,德国,1602.55,CNY,2023-07-27 00:00:00,False,
TXN000697,10000057,德国,10000031,韩国,4781.53,CNY,2023-02-22 00:00:00,False,
TXN000698,10000017,英国,10000015,美国,647.25,CNY,2023-04-24 00:00:00,False,
TXN000699,10000016,韩国,10000025,韩国,41192.49,CNY,2023-07-10 00:00:00,False,
TXN000700,10000010,日本,10000033,法国,45875.56,CNY,2023-02-08 00:00:00,False,
TXN000701,10000070,德国,10000071,英国,99744.53,CNY,2023-01-12 00:00:00,True,循环闭环交易_1
TXN000702,10000071,英国,10000072,英国,99744.53,CNY,2023-01-12 00:00:00,True,循环闭环交易_1
TXN000703,10000072,英国,10000073,美国,99744.53,CNY,2023-01-12 00:00:00,True,循环闭环交易_1
TXN000704,10000073,美国,10000070,德国,99744.53,CNY,2023-01-12 00:00:00,True,循环闭环交易_1
TXN000705,10000074,法国,10000075,英国,91224.65,CNY,2023-04-12 00:00:00,True,循环闭环交易_2
TXN000706,10000075,英国,10000076,法国,91224.65,CNY,2023-04-12 00:00:00,True,循环闭环交易_2
TXN000707,10000076,法国,10000074,法国,91224.65,CNY,2023-04-12 00:00:00,True,循环闭环交易_2
TXN000708,10000077,中国,10000078,法国,82836.88,CNY,2023-08-16 00:00:00,True,循环闭环交易_3
TXN000709,10000078,法国,10000079,德国,82836.88,CNY,2023-08-16 00:00:00,True,循环闭环交易_3
TXN000710,10000079,德国,10000077,中国,82836.88,CNY,2023-08-16 00:00:00,True,循环闭环交易_3
TXN000711,10000081,德国,10000080,法国,9144.8,CNY,2023-02-17 00:00:00,True,星型拆分入账_1
TXN000712,10000082,英国,10000080,法国,8463.38,CNY,2023-02-17 00:00:00,True,星型拆分入账_1
TXN000713,10000083,英国,10000080,法国,3983.62,CNY,2023-02-17 00:00:00,True,星型拆分入账_1
TXN000714,10000084,美国,10000080,法国,1384.22,CNY,2023-02-17 00:00:00,True,星型拆分入账_1
TXN000715,10000085,德国,10000080,法国,5148.49,CNY,2023-02-17 00:00:00,True,星型拆分入账_1
TXN000716,10000086,中国,10000080,法国,2511.73,CNY,2023-02-17 00:00:00,True,星型拆分入账_1
TXN000717,10000087,中国,10000080,法国,6164.38,CNY,2023-02-17 00:00:00,True,星型拆分入账_1
TXN000718,10000089,美国,10000088,英国,5464.64,CNY,2023-07-22 00:00:00,True,星型拆分入账_2
TXN000719,10000090,德国,10000088,英国,4444.18,CNY,2023-07-22 00:00:00,True,星型拆分入账_2
TXN000720,10000091,法国,10000088,英国,4839.55,CNY,2023-07-22 00:00:00,True,星型拆分入账_2
TXN000721,10000092,中国,10000088,英国,4185.14,CNY,2023-07-22 00:00:00,True,星型拆分入账_2
TXN000722,10000093,中国,10000088,英国,9173.83,CNY,2023-07-22 00:00:00,True,星型拆分入账_2
TXN000723,10000095,英国,10000094,英国,3518.41,CNY,2023-05-21 00:00:00,True,星型拆分入账_3
TXN000724,10000096,英国,10000094,英国,8949.93,CNY,2023-05-21 00:00:00,True,星型拆分入账_3
TXN000725,10000097,法国,10000094,英国,1311.81,CNY,2023-05-21 00:00:00,True,星型拆分入账_3
TXN000726,10000098,中国,10000094,英国,6571.97,CNY,2023-05-21 00:00:00,True,星型拆分入账_3
TXN000727,10000099,中国,10000094,英国,3211.82,CNY,2023-05-21 00:00:00,True,星型拆分入账_3
TXN000728,10000101,德国,10000105,英国,35789.88,CNY,2023-06-01 00:00:00,True,跨境多层转账_1
TXN000729,10000105,英国,10000103,中国,35789.88,CNY,2023-06-01 00:00:00,True,跨境多层转账_1
TXN000730,10000103,中国,10000100,高危国3,35789.88,CNY,2023-06-01 00:00:00,True,跨境多层转账_1
TXN000731,10000101,德国,10000105,英国,88942.75,CNY,2023-06-01 00:00:00,True,跨境多层转账_1
TXN000732,10000105,英国,10000102,中国,88942.75,CNY,2023-06-01 00:00:00,True,跨境多层转账_1
TXN000733,10000102,中国,10000100,高危国3,88942.75,CNY,2023-06-01 00:00:00,True,跨境多层转账_1
TXN000734,10000107,中国,10000108,美国,198092.65,CNY,2023-08-03 00:00:00,True,跨境多层转账_2
TXN000735,10000108,美国,10000110,德国,198092.65,CNY,2023-08-03 00:00:00,True,跨境多层转账_2
TXN000736,10000110,德国,10000106,高危国2,198092.65,CNY,2023-08-03 00:00:00,True,跨境多层转账_2
TXN000737,10000107,中国,10000110,德国,160744.84,CNY,2023-08-03 00:00:00,True,跨境多层转账_2
TXN000738,10000110,德国,10000108,美国,160744.84,CNY,2023-08-03 00:00:00,True,跨境多层转账_2
TXN000739,10000108,美国,10000106,高危国2,160744.84,CNY,2023-08-03 00:00:00,True,跨境多层转账_2
TXN000740,10000112,英国,10000114,美国,89908.63,CNY,2023-07-03 00:00:00,True,跨境多层转账_3
TXN000741,10000114,美国,10000113,德国,89908.63,CNY,2023-07-03 00:00:00,True,跨境多层转账_3
TXN000742,10000113,德国,10000111,高危国2,89908.63,CNY,2023-07-03 00:00:00,True,跨境多层转账_3
TXN000743,10000112,英国,10000114,美国,52366.86,CNY,2023-07-03 00:00:00,True,跨境多层转账_3
TXN000744,10000114,美国,10000113,德国,52366.86,CNY,2023-07-03 00:00:00,True,跨境多层转账_3
TXN000745,10000113,德国,10000111,高危国2,52366.86,CNY,2023-07-03 00:00:00,True,跨境多层转账_3
